{
    "version" : 2,
    "lang" : "zh_CN",
    "defaultSpace" : "",
    "encodingSeparator" : "'",
    "sections" : [
        {
            "charRules" : [
                {
                    "CharRule" : {
                        "id" : [
                            "\uE1EA"
                        ],
                        "actions" : [
                            "INS_PREDICTION"
                        ],
                        "PredictionRules" : [
                            {
                                "PredictionRule" : {
                                    "id" : [
                                        "。",
                                        "，",
                                        "！",
                                        "？"
                                    ],
                                    "actions" : [
                                        "BACKSPACE",
                                        "INS_PREDICTION"
                                    ]
                                }
                            }
                        ]
                    }
                },
                {
                    "CharRule" : {
                        "id" : [
                            "'",
                            "*",
                            "\u31D0",
                            "\u31D1",
                            "\u31D3",
                            "\u31D4",
                            "\u31D6"
                        ],
                        "actions" : [
                            "INS_FOCUS"
                        ]
                    }
                }
            ]
        },
        {
            "catRules" : [
                {
                    "CatRule" : {
                        "id" : [
                            "N*",
                            "P*",
                            "S*"
                        ],
                        "actions" : [
                            "INS_PREDICTION",
                            "INS_FOCUS"
                        ]
                    }
                }
            ]
        }
    ]
}
